{
    "sfm_data_version": "0.2",
    "root_path": "/content",
    "views": [],
    "intrinsics": [
        {
            "key": 0,
            "value": {
                "polymorphic_id": 2147483649,
                "polymorphic_name": "pinhole_radial_k3",
                "ptr_wrapper": {
                    "id": 2147483649,
                    "data": {
                        "width": 4000,
                        "height": 3000,
                        "focal_length": 2856.48682953085,
                        "principal_point": [
                            1992.330997785318,
                            1120.174169296343
                        ],
                        "disto_k3": [
                            0.200430524929992,
                            -0.832549870644925
                        ],
                        "prior_focal_length": 2
                    }
                }
            }
        }
    ],
    "extrinsics": [],
    "structure": [],
    "control_points": []
}